id,raw_quote_id,observation_date,origin_iata,destination_iata,carrier_iata,flight_number,departure_datetime,arrival_datetime,fare_class,cabin_class,total_fare_inr,base_fare_inr,taxes_statutory_inr,udf_airport_fees_inr,convenience_fee_inr,has_full_breakdown,advance_purchase_days,is_nonstop,cleaning_rules_applied,cleaned_at,travel_date,source,is_outlier,is_imputed,cleaning_note
13075,114041,2026-09-13,BLR,HYD,6E,6E6178,2026-09-14 00:55:00+00,2026-09-14 02:05:00+00,Y,Y,6396.00,,,,,f,1,t,{},2026-09-13 11:21:58.215159+00,2026-09-14,ota_ixigo,f,f,
13076,114356,2026-09-13,BLR,HYD,IX,IX2018,2026-09-20 00:35:00+00,2026-09-20 01:55:00+00,Y,Y,4392.00,,,,,f,7,t,{},2026-09-13 11:21:58.215159+00,2026-09-20,ota_ixigo,f,f,
13077,114500,2026-09-13,BLR,HYD,IX,IX1250,2026-09-28 13:45:00+00,2026-09-28 14:55:00+00,Y,Y,4392.00,,,,,f,15,t,{},2026-09-13 11:21:58.215159+00,2026-09-28,ota_ixigo,f,f,
13078,114773,2026-09-13,BLR,HYD,IX,IX1250,2026-10-28 16:20:00+00,2026-10-28 17:45:00+00,Y,Y,4592.00,,,,,f,45,t,{},2026-09-13 11:21:58.215159+00,2026-10-28,ota_ixigo,f,f,
13079,114923,2026-09-13,BOM,BLR,IX,IX1347,2026-09-14 00:30:00+00,2026-09-14 02:10:00+00,Y,Y,4844.00,,,,,f,1,t,{},2026-09-13 11:21:58.215159+00,2026-09-14,ota_ixigo,f,f,
13080,115070,2026-09-13,BOM,BLR,6E,6E5323,2026-09-19 19:40:00+00,2026-09-19 21:35:00+00,Y,Y,6306.00,,,,,f,7,t,{},2026-09-13 11:21:58.215159+00,2026-09-19,ota_ixigo,f,f,
13081,115268,2026-09-13,BOM,BLR,IX,IX1640,2026-09-28 15:40:00+00,2026-09-28 17:30:00+00,Y,Y,4844.00,,,,,f,15,t,{},2026-09-13 11:21:58.215159+00,2026-09-28,ota_ixigo,f,f,
13082,115471,2026-09-13,BOM,BLR,QP,QP2001,2026-10-13 13:15:00+00,2026-10-13 15:00:00+00,Y,Y,4698.00,,,,,f,30,t,{},2026-09-13 11:21:58.215159+00,2026-10-13,ota_ixigo,f,f,
13083,115662,2026-09-13,BOM,BLR,SG,SG669,2026-10-28 00:15:00+00,2026-10-28 02:15:00+00,Y,Y,5371.00,,,,,f,45,t,{},2026-09-13 11:21:58.215159+00,2026-10-28,ota_ixigo,f,f,
13084,115855,2026-09-13,BOM,CCU,QP,QP1135,2026-09-13 19:05:00+00,2026-09-13 21:56:00+00,Y,Y,7586.00,,,,,f,1,t,{},2026-09-13 11:21:58.215159+00,2026-09-13,ota_ixigo,f,f,
13085,116031,2026-09-13,BOM,CCU,QP,QP1135,2026-09-19 19:05:00+00,2026-09-19 21:55:00+00,Y,Y,8014.00,,,,,f,7,t,{},2026-09-13 11:21:58.215159+00,2026-09-19,ota_ixigo,f,f,
13086,116195,2026-09-13,BOM,CCU,QP,QP1135,2026-09-27 19:05:00+00,2026-09-27 21:55:00+00,Y,Y,7586.00,,,,,f,15,t,{},2026-09-13 11:21:58.215159+00,2026-09-27,ota_ixigo,f,f,
13087,116373,2026-09-13,BOM,CCU,QP,QP2027,2026-10-12 23:30:00+00,2026-10-13 02:10:00+00,Y,Y,10019.00,,,,,f,30,t,{},2026-09-13 11:21:58.215159+00,2026-10-12,ota_ixigo,f,f,
13088,116544,2026-09-13,BOM,CCU,QP,QP1125,2026-10-28 13:45:00+00,2026-10-28 16:25:00+00,Y,Y,8314.00,,,,,f,45,t,{},2026-09-13 11:21:58.215159+00,2026-10-28,ota_ixigo,f,f,
13089,116717,2026-09-13,BOM,HYD,6E,6E6187,2026-09-13 19:00:00+00,2026-09-13 20:40:00+00,Y,Y,6010.00,,,,,f,1,t,{},2026-09-13 11:21:58.215159+00,2026-09-13,ota_ixigo,f,f,
13090,117117,2026-09-13,BOM,HYD,6E,6E6187,2026-09-27 19:00:00+00,2026-09-27 20:40:00+00,Y,Y,6010.00,,,,,f,15,t,{},2026-09-13 11:21:58.215159+00,2026-09-27,ota_ixigo,f,f,
13091,117317,2026-09-13,BOM,HYD,6E,6E5179,2026-10-12 21:15:00+00,2026-10-12 22:50:00+00,Y,Y,6325.00,,,,,f,30,t,{},2026-09-13 11:21:58.215159+00,2026-10-12,ota_ixigo,f,f,
13092,117528,2026-09-13,BOM,HYD,6E,6E5056,2026-10-28 15:55:00+00,2026-10-28 17:30:00+00,Y,Y,6010.00,,,,,f,45,t,{},2026-09-13 11:21:58.215159+00,2026-10-28,ota_ixigo,f,f,
13093,117744,2026-09-13,CCU,BLR,QP,QP1564,2026-09-14 14:55:00+00,2026-09-14 17:35:00+00,Y,Y,10886.00,,,,,f,1,t,{},2026-09-13 11:21:58.215159+00,2026-09-14,ota_ixigo,f,f,
13094,117872,2026-09-13,CCU,BLR,6E,6E6314,2026-09-20 15:05:00+00,2026-09-20 17:50:00+00,Y,Y,10374.00,,,,,f,7,t,{},2026-09-13 11:21:58.215159+00,2026-09-20,ota_ixigo,f,f,
13095,118005,2026-09-13,CCU,BLR,IX,IX1496,2026-09-28 05:45:00+00,2026-09-28 08:25:00+00,Y,Y,7319.00,,,,,f,15,t,{},2026-09-13 11:21:58.215159+00,2026-09-28,ota_ixigo,f,f,
13096,118132,2026-09-13,CCU,BLR,QP,QP1261,2026-10-12 23:30:00+00,2026-10-13 02:10:00+00,Y,Y,7232.00,,,,,f,30,t,{},2026-09-13 11:21:58.215159+00,2026-10-12,ota_ixigo,f,f,
13097,118289,2026-09-13,CCU,BLR,QP,QP1261,2026-10-27 23:55:00+00,2026-10-28 02:40:00+00,Y,Y,10539.00,,,,,f,45,t,{},2026-09-13 11:21:58.215159+00,2026-10-27,ota_ixigo,f,f,
13098,118453,2026-09-13,DEL,BLR,AI,AI2815,2026-09-14 01:30:00+00,2026-09-14 04:25:00+00,Y,Y,9761.00,,,,,f,1,t,{},2026-09-13 11:21:58.215159+00,2026-09-14,ota_ixigo,f,f,
13099,118672,2026-09-13,DEL,BLR,6E,6E820,2026-09-19 21:30:00+00,2026-09-20 00:25:00+00,Y,Y,9771.00,,,,,f,7,t,{},2026-09-13 11:21:58.215159+00,2026-09-19,ota_ixigo,f,f,
13100,118895,2026-09-13,DEL,BLR,IX,IX1070,2026-09-28 12:50:00+00,2026-09-28 15:45:00+00,Y,Y,8828.00,,,,,f,15,t,{},2026-09-13 11:21:58.215159+00,2026-09-28,ota_ixigo,f,f,
13101,119133,2026-09-13,DEL,BLR,QP,QP1526,2026-10-13 11:00:00+00,2026-10-13 13:50:00+00,Y,Y,8735.00,,,,,f,30,t,{},2026-09-13 11:21:58.215159+00,2026-10-13,ota_ixigo,f,f,
13102,119355,2026-09-13,DEL,BLR,SG,SG142,2026-10-28 15:20:00+00,2026-10-28 18:10:00+00,Y,Y,8932.00,,,,,f,45,t,{},2026-09-13 11:21:58.215159+00,2026-10-28,ota_ixigo,f,f,
13103,119577,2026-09-13,DEL,BOM,6E,6E5096,2026-09-14 11:30:00+00,2026-09-14 13:35:00+00,Y,Y,6442.00,,,,,f,1,t,{},2026-09-13 11:21:58.215159+00,2026-09-14,ota_ixigo,f,f,
13104,119761,2026-09-13,DEL,BOM,IX,IX1056,2026-09-20 00:05:00+00,2026-09-20 02:35:00+00,Y,Y,6529.00,,,,,f,7,t,{},2026-09-13 11:21:58.215159+00,2026-09-20,ota_ixigo,f,f,
13105,119933,2026-09-13,DEL,BOM,IX,IX1038,2026-09-28 12:05:00+00,2026-09-28 14:15:00+00,Y,Y,6529.00,,,,,f,15,t,{},2026-09-13 11:21:58.215159+00,2026-09-28,ota_ixigo,f,f,
13106,120122,2026-09-13,DEL,BOM,SG,SG802,2026-10-13 17:00:00+00,2026-10-13 19:20:00+00,Y,Y,6158.00,,,,,f,30,t,{},2026-09-13 11:21:58.215159+00,2026-10-13,ota_ixigo,f,f,
13107,120318,2026-09-13,DEL,BOM,SG,SG510,2026-10-28 01:00:00+00,2026-10-28 03:15:00+00,Y,Y,6158.00,,,,,f,45,t,{},2026-09-13 11:21:58.215159+00,2026-10-28,ota_ixigo,f,f,
13108,120517,2026-09-13,DEL,CCU,QP,QP1803,2026-09-14 11:35:00+00,2026-09-14 13:55:00+00,Y,Y,8678.00,,,,,f,1,t,{},2026-09-13 11:21:58.215159+00,2026-09-14,ota_ixigo,f,f,
13109,120652,2026-09-13,DEL,CCU,QP,QP1801,2026-09-20 00:25:00+00,2026-09-20 02:45:00+00,Y,Y,8056.00,,,,,f,7,t,{},2026-09-13 11:21:58.215159+00,2026-09-20,ota_ixigo,f,f,
13110,120782,2026-09-13,DEL,CCU,6E,6E5191,2026-09-27 23:30:00+00,2026-09-28 01:45:00+00,Y,Y,8922.00,,,,,f,15,t,{},2026-09-13 11:21:58.215159+00,2026-09-27,ota_ixigo,f,f,
13111,120925,2026-09-13,DEL,CCU,QP,QP1569,2026-10-13 05:00:00+00,2026-10-13 07:20:00+00,Y,Y,8307.00,,,,,f,30,t,{},2026-09-13 11:21:58.215159+00,2026-10-13,ota_ixigo,f,f,
13112,121041,2026-09-13,DEL,CCU,6E,6E340,2026-10-28 00:45:00+00,2026-10-28 02:55:00+00,Y,Y,9500.00,,,,,f,45,t,{},2026-09-13 11:21:58.215159+00,2026-10-28,ota_ixigo,f,f,
13113,121195,2026-09-13,DEL,HYD,QP,QP1409,2026-09-14 15:10:00+00,2026-09-14 17:40:00+00,Y,Y,8850.00,,,,,f,1,t,{},2026-09-13 11:21:58.215159+00,2026-09-14,ota_ixigo,f,f,
13114,121332,2026-09-13,DEL,HYD,AI,AI2577,2026-09-19 20:30:00+00,2026-09-19 22:50:00+00,Y,Y,9243.00,,,,,f,7,t,{},2026-09-13 11:21:58.215159+00,2026-09-19,ota_ixigo,f,f,
13115,121487,2026-09-13,DEL,HYD,QP,QP1409,2026-09-28 15:10:00+00,2026-09-28 17:40:00+00,Y,Y,8090.00,,,,,f,15,t,{},2026-09-13 11:21:58.215159+00,2026-09-28,ota_ixigo,f,f,
13116,121644,2026-09-13,DEL,HYD,QP,QP1406,2026-10-13 08:40:00+00,2026-10-13 11:00:00+00,Y,Y,8538.00,,,,,f,30,t,{},2026-09-13 11:21:58.215159+00,2026-10-13,ota_ixigo,f,f,
13117,121814,2026-09-13,DEL,HYD,QP,QP1202,2026-10-28 08:40:00+00,2026-10-28 11:00:00+00,Y,Y,9177.00,,,,,f,45,t,{},2026-09-13 11:21:58.215159+00,2026-10-28,ota_ixigo,f,f,
13118,122007,2026-09-13,MAA,DEL,AI,AI538,2026-09-14 14:40:00+00,2026-09-14 17:30:00+00,Y,Y,9651.00,,,,,f,1,t,{},2026-09-13 11:21:58.215159+00,2026-09-14,ota_ixigo,f,f,
13119,122173,2026-09-13,MAA,DEL,AI,AI538,2026-09-20 14:40:00+00,2026-09-20 17:30:00+00,Y,Y,9651.00,,,,,f,7,t,{},2026-09-13 11:21:58.215159+00,2026-09-20,ota_ixigo,f,f,
13120,122351,2026-09-13,MAA,DEL,AI,AI538,2026-09-28 14:40:00+00,2026-09-28 17:30:00+00,Y,Y,9651.00,,,,,f,15,t,{},2026-09-13 11:21:58.215159+00,2026-09-28,ota_ixigo,f,f,
13121,122509,2026-09-13,MAA,DEL,AI,AI538,2026-10-13 14:40:00+00,2026-10-13 17:25:00+00,Y,Y,9651.00,,,,,f,30,t,{},2026-09-13 11:21:58.215159+00,2026-10-13,ota_ixigo,f,f,
13122,122708,2026-09-13,MAA,DEL,AI,AI2524,2026-10-28 06:50:00+00,2026-10-28 09:45:00+00,Y,Y,9651.00,,,,,f,45,t,{},2026-09-13 11:21:58.215159+00,2026-10-28,ota_ixigo,f,f,
13123,123007,2026-09-14,BLR,HYD,IX,IX2506,2026-09-21 11:45:00+00,2026-09-21 13:10:00+00,Y,Y,5474.00,,,,,f,7,t,{},2026-09-14 01:12:26.288958+00,2026-09-21,ota_ixigo,f,f,
13124,123114,2026-09-14,BLR,HYD,IX,IX2819,2026-09-29 07:00:00+00,2026-09-29 08:20:00+00,Y,Y,4392.00,,,,,f,15,t,{},2026-09-14 01:12:26.288958+00,2026-09-29,ota_ixigo,f,f,
13125,123271,2026-09-14,BLR,HYD,6E,6E638,2026-10-14 13:05:00+00,2026-10-14 14:15:00+00,Y,Y,7519.00,,,,,f,30,t,{},2026-09-14 01:12:26.288958+00,2026-10-14,ota_ixigo,f,f,
13126,123366,2026-09-14,BLR,HYD,6E,6E855,2026-10-29 14:35:00+00,2026-10-29 15:50:00+00,Y,Y,4393.00,,,,,f,45,t,{},2026-09-14 01:12:26.288958+00,2026-10-29,ota_ixigo,f,f,
13127,123512,2026-09-14,BOM,BLR,QP,QP1516,2026-09-14 19:05:00+00,2026-09-14 20:55:00+00,Y,Y,6644.00,,,,,f,1,t,{},2026-09-14 01:12:26.288958+00,2026-09-14,ota_ixigo,f,f,
13128,123671,2026-09-14,BOM,BLR,IX,IX1640,2026-09-21 15:40:00+00,2026-09-21 17:30:00+00,Y,Y,7518.00,,,,,f,7,t,{},2026-09-14 01:12:26.288958+00,2026-09-21,ota_ixigo,f,f,
13129,123871,2026-09-14,BOM,BLR,IX,IX1347,2026-09-29 00:30:00+00,2026-09-29 02:10:00+00,Y,Y,4844.00,,,,,f,15,t,{},2026-09-14 01:12:26.288958+00,2026-09-29,ota_ixigo,f,f,
13130,124075,2026-09-14,BOM,BLR,6E,6E2085,2026-10-14 01:40:00+00,2026-10-14 03:05:00+00,Y,Y,4844.00,,,,,f,30,t,{},2026-09-14 01:12:26.288958+00,2026-10-14,ota_ixigo,f,f,
13131,124280,2026-09-14,BOM,BLR,SG,SG555,2026-10-29 17:45:00+00,2026-10-29 19:40:00+00,Y,Y,5058.00,,,,,f,45,t,{},2026-09-14 01:12:26.288958+00,2026-10-29,ota_ixigo,f,f,
13132,124469,2026-09-14,BOM,CCU,QP,QP1107,2026-09-15 15:25:00+00,2026-09-15 18:20:00+00,Y,Y,7725.00,,,,,f,1,t,{},2026-09-14 01:12:26.288958+00,2026-09-15,ota_ixigo,f,f,
13133,124641,2026-09-14,BOM,CCU,6E,6E2121,2026-09-21 00:35:00+00,2026-09-21 03:10:00+00,Y,Y,8329.00,,,,,f,7,t,{},2026-09-14 01:12:26.288958+00,2026-09-21,ota_ixigo,f,f,
13134,124814,2026-09-14,BOM,CCU,QP,QP1135,2026-09-28 19:05:00+00,2026-09-28 21:55:00+00,Y,Y,7586.00,,,,,f,15,t,{},2026-09-14 01:12:26.288958+00,2026-09-28,ota_ixigo,f,f,
13135,125016,2026-09-14,BOM,CCU,QP,QP2027,2026-10-13 23:30:00+00,2026-10-14 02:10:00+00,Y,Y,11569.00,,,,,f,30,t,{},2026-09-14 01:12:26.288958+00,2026-10-13,ota_ixigo,f,f,
13136,125179,2026-09-14,BOM,CCU,QP,QP1254,2026-10-29 16:35:00+00,2026-10-29 19:20:00+00,Y,Y,8314.00,,,,,f,45,t,{},2026-09-14 01:12:26.288958+00,2026-10-29,ota_ixigo,f,f,
13137,125361,2026-09-14,BOM,HYD,6E,6E6195,2026-09-15 17:30:00+00,2026-09-15 19:05:00+00,Y,Y,6010.00,,,,,f,1,t,{},2026-09-14 01:12:26.288958+00,2026-09-15,ota_ixigo,f,f,
13138,125550,2026-09-14,BOM,HYD,6E,6E5056,2026-09-21 15:40:00+00,2026-09-21 17:15:00+00,Y,Y,6010.00,,,,,f,7,t,{},2026-09-14 01:12:26.288958+00,2026-09-21,ota_ixigo,f,f,
13139,125730,2026-09-14,BOM,HYD,6E,6E5056,2026-09-29 15:40:00+00,2026-09-29 17:15:00+00,Y,Y,6010.00,,,,,f,15,t,{},2026-09-14 01:12:26.288958+00,2026-09-29,ota_ixigo,f,f,
13140,126152,2026-09-14,BOM,HYD,6E,6E5326,2026-10-29 14:15:00+00,2026-10-29 15:50:00+00,Y,Y,6325.00,,,,,f,45,t,{},2026-09-14 01:12:26.288958+00,2026-10-29,ota_ixigo,f,f,
13141,126341,2026-09-14,CCU,BLR,6E,6E6251,2026-09-15 13:30:00+00,2026-09-15 16:10:00+00,Y,Y,9639.00,,,,,f,1,t,{},2026-09-14 01:12:26.288958+00,2026-09-15,ota_ixigo,f,f,
13142,126467,2026-09-14,CCU,BLR,IX,IX1371,2026-09-21 13:20:00+00,2026-09-21 16:00:00+00,Y,Y,9219.00,,,,,f,7,t,{},2026-09-14 01:12:26.288958+00,2026-09-21,ota_ixigo,f,f,
13143,126592,2026-09-14,CCU,BLR,IX,IX1496,2026-09-29 05:45:00+00,2026-09-29 08:25:00+00,Y,Y,7119.00,,,,,f,15,t,{},2026-09-14 01:12:26.288958+00,2026-09-29,ota_ixigo,f,f,
13144,126711,2026-09-14,CCU,BLR,6E,6E6702,2026-10-14 02:00:00+00,2026-10-14 04:50:00+00,Y,Y,7749.00,,,,,f,30,t,{},2026-09-14 01:12:26.288958+00,2026-10-14,ota_ixigo,f,f,
13145,126842,2026-09-14,CCU,BLR,QP,QP1261,2026-10-28 23:55:00+00,2026-10-29 02:40:00+00,Y,Y,10204.00,,,,,f,45,t,{},2026-09-14 01:12:26.288958+00,2026-10-28,ota_ixigo,f,f,
13146,127011,2026-09-14,DEL,BLR,QP,QP1812,2026-09-15 17:25:00+00,2026-09-15 20:15:00+00,Y,Y,8829.00,,,,,f,1,t,{},2026-09-14 01:12:26.288958+00,2026-09-15,ota_ixigo,f,f,
13147,127233,2026-09-14,DEL,BLR,IX,IX5975,2026-09-21 15:30:00+00,2026-09-21 18:25:00+00,Y,Y,8828.00,,,,,f,7,t,{},2026-09-14 01:12:26.288958+00,2026-09-21,ota_ixigo,f,f,
13148,127454,2026-09-14,DEL,BLR,IX,IX1070,2026-09-29 12:50:00+00,2026-09-29 15:45:00+00,Y,Y,8828.00,,,,,f,15,t,{},2026-09-14 01:12:26.288958+00,2026-09-29,ota_ixigo,f,f,
13149,127674,2026-09-14,DEL,BLR,QP,QP1526,2026-10-14 11:00:00+00,2026-10-14 13:50:00+00,Y,Y,8735.00,,,,,f,30,t,{},2026-09-14 01:12:26.288958+00,2026-10-14,ota_ixigo,f,f,
13150,127915,2026-09-14,DEL,BLR,SG,SG142,2026-10-29 15:20:00+00,2026-10-29 18:10:00+00,Y,Y,8932.00,,,,,f,45,t,{},2026-09-14 01:12:26.288958+00,2026-10-29,ota_ixigo,f,f,
13151,128128,2026-09-14,DEL,BOM,IX,IX5707,2026-09-15 17:15:00+00,2026-09-15 19:15:00+00,Y,Y,6529.00,,,,,f,1,t,{},2026-09-14 01:12:26.288958+00,2026-09-15,ota_ixigo,f,f,
13152,128296,2026-09-14,DEL,BOM,6E,6E5096,2026-09-21 11:30:00+00,2026-09-21 13:35:00+00,Y,Y,6442.00,,,,,f,7,t,{},2026-09-14 01:12:26.288958+00,2026-09-21,ota_ixigo,f,f,
13153,128488,2026-09-14,DEL,BOM,IX,IX1038,2026-09-29 12:05:00+00,2026-09-29 14:15:00+00,Y,Y,6529.00,,,,,f,15,t,{},2026-09-14 01:12:26.288958+00,2026-09-29,ota_ixigo,f,f,
13154,128685,2026-09-14,DEL,BOM,SG,SG9091,2026-10-14 00:00:00+00,2026-10-14 02:20:00+00,Y,Y,6158.00,,,,,f,30,t,{},2026-09-14 01:12:26.288958+00,2026-10-14,ota_ixigo,f,f,
13155,128888,2026-09-14,DEL,CCU,QP,QP1801,2026-09-15 00:25:00+00,2026-09-15 02:45:00+00,Y,Y,7909.00,,,,,f,1,t,{},2026-09-14 01:12:26.288958+00,2026-09-15,ota_ixigo,f,f,
13156,129007,2026-09-14,DEL,CCU,6E,6E5191,2026-09-20 23:30:00+00,2026-09-21 01:45:00+00,Y,Y,8922.00,,,,,f,7,t,{},2026-09-14 01:12:26.288958+00,2026-09-20,ota_ixigo,f,f,
13157,129154,2026-09-14,DEL,CCU,QP,QP1801,2026-09-29 00:25:00+00,2026-09-29 02:45:00+00,Y,Y,8056.00,,,,,f,15,t,{},2026-09-14 01:12:26.288958+00,2026-09-29,ota_ixigo,f,f,
13158,129302,2026-09-14,DEL,CCU,QP,QP1569,2026-10-14 05:00:00+00,2026-10-14 07:20:00+00,Y,Y,8619.00,,,,,f,30,t,{},2026-09-14 01:12:26.288958+00,2026-10-14,ota_ixigo,f,f,
13159,129443,2026-09-14,DEL,CCU,QP,QP1268,2026-10-29 09:50:00+00,2026-10-29 12:15:00+00,Y,Y,8619.00,,,,,f,45,t,{},2026-09-14 01:12:26.288958+00,2026-10-29,ota_ixigo,f,f,
13160,129599,2026-09-14,DEL,HYD,QP,QP1406,2026-09-15 08:40:00+00,2026-09-15 11:00:00+00,Y,Y,8692.00,,,,,f,1,t,{},2026-09-14 01:12:26.288958+00,2026-09-15,ota_ixigo,f,f,
13161,129741,2026-09-14,DEL,HYD,QP,QP1409,2026-09-21 15:10:00+00,2026-09-21 17:40:00+00,Y,Y,8090.00,,,,,f,7,t,{},2026-09-14 01:12:26.288958+00,2026-09-21,ota_ixigo,f,f,
13162,129897,2026-09-14,DEL,HYD,6E,6E2491,2026-09-29 09:45:00+00,2026-09-29 12:00:00+00,Y,Y,8700.00,,,,,f,15,t,{},2026-09-14 01:12:26.288958+00,2026-09-29,ota_ixigo,f,f,
13163,130052,2026-09-14,DEL,HYD,QP,QP1406,2026-10-14 08:40:00+00,2026-10-14 11:00:00+00,Y,Y,8538.00,,,,,f,30,t,{},2026-09-14 01:12:26.288958+00,2026-10-14,ota_ixigo,f,f,
13164,130203,2026-09-14,DEL,HYD,QP,QP1206,2026-10-29 15:05:00+00,2026-10-29 17:25:00+00,Y,Y,9177.00,,,,,f,45,t,{},2026-09-14 01:12:26.288958+00,2026-10-29,ota_ixigo,f,f,
13165,130372,2026-09-14,MAA,DEL,AI,AI538,2026-09-15 14:40:00+00,2026-09-15 17:30:00+00,Y,Y,11704.00,,,,,f,1,t,{},2026-09-14 01:12:26.288958+00,2026-09-15,ota_ixigo,f,f,
13166,130542,2026-09-14,MAA,DEL,AI,AI2526,2026-09-21 03:50:00+00,2026-09-21 06:45:00+00,Y,Y,9651.00,,,,,f,7,t,{},2026-09-14 01:12:26.288958+00,2026-09-21,ota_ixigo,f,f,
13167,130725,2026-09-14,MAA,DEL,AI,AI2526,2026-09-29 03:50:00+00,2026-09-29 06:45:00+00,Y,Y,9651.00,,,,,f,15,t,{},2026-09-14 01:12:26.288958+00,2026-09-29,ota_ixigo,f,f,
13168,130893,2026-09-14,MAA,DEL,AI,AI538,2026-10-14 14:40:00+00,2026-10-14 17:25:00+00,Y,Y,9651.00,,,,,f,30,t,{},2026-09-14 01:12:26.288958+00,2026-10-14,ota_ixigo,f,f,
13169,131080,2026-09-14,MAA,DEL,AI,AI538,2026-10-29 14:30:00+00,2026-10-29 17:15:00+00,Y,Y,9651.00,,,,,f,45,t,{},2026-09-14 01:12:26.288958+00,2026-10-29,ota_ixigo,f,f,
13170,131417,2026-09-15,BLR,HYD,IX,IX2506,2026-09-22 11:45:00+00,2026-09-22 13:10:00+00,Y,Y,4392.00,,,,,f,7,t,{},2026-09-15 07:27:31.858001+00,2026-09-22,ota_ixigo,f,f,
13171,131604,2026-09-15,BLR,HYD,6E,6E484,2026-09-30 02:45:00+00,2026-09-30 04:00:00+00,Y,Y,4718.00,,,,,f,15,t,{},2026-09-15 07:27:31.858001+00,2026-09-30,ota_ixigo,f,f,
13172,131866,2026-09-15,BLR,HYD,6E,6E855,2026-10-30 14:35:00+00,2026-10-30 15:50:00+00,Y,Y,4393.00,,,,,f,45,t,{},2026-09-15 07:27:31.858001+00,2026-10-30,ota_ixigo,f,f,
13173,132006,2026-09-15,BOM,BLR,IX,IX1640,2026-09-16 15:40:00+00,2026-09-16 17:30:00+00,Y,Y,5617.00,,,,,f,1,t,{},2026-09-15 07:27:31.858001+00,2026-09-16,ota_ixigo,f,f,
13174,132170,2026-09-15,BOM,BLR,6E,6E2085,2026-09-22 01:35:00+00,2026-09-22 03:05:00+00,Y,Y,4844.00,,,,,f,7,t,{},2026-09-15 07:27:31.858001+00,2026-09-22,ota_ixigo,f,f,
13175,132385,2026-09-15,BOM,BLR,IX,IX1347,2026-09-30 00:30:00+00,2026-09-30 02:10:00+00,Y,Y,4844.00,,,,,f,15,t,{},2026-09-15 07:27:31.858001+00,2026-09-30,ota_ixigo,f,f,
13176,132580,2026-09-15,BOM,BLR,6E,6E2085,2026-10-15 01:40:00+00,2026-10-15 03:05:00+00,Y,Y,4844.00,,,,,f,30,t,{},2026-09-15 07:27:31.858001+00,2026-10-15,ota_ixigo,f,f,
13177,132786,2026-09-15,BOM,BLR,IX,IX1640,2026-10-30 02:55:00+00,2026-10-30 04:35:00+00,Y,Y,6028.00,,,,,f,45,t,{},2026-09-15 07:27:31.858001+00,2026-10-30,ota_ixigo,f,f,
13178,132981,2026-09-15,BOM,CCU,QP,QP1125,2026-09-16 13:55:00+00,2026-09-16 16:50:00+00,Y,Y,8314.00,,,,,f,1,t,{},2026-09-15 07:27:31.858001+00,2026-09-16,ota_ixigo,f,f,
13179,133134,2026-09-15,BOM,CCU,QP,QP1125,2026-09-22 13:55:00+00,2026-09-22 16:50:00+00,Y,Y,7725.00,,,,,f,7,t,{},2026-09-15 07:27:31.858001+00,2026-09-22,ota_ixigo,f,f,
13180,133343,2026-09-15,BOM,CCU,QP,QP1135,2026-09-29 19:05:00+00,2026-09-29 21:55:00+00,Y,Y,7586.00,,,,,f,15,t,{},2026-09-15 07:27:31.858001+00,2026-09-29,ota_ixigo,f,f,
13181,133523,2026-09-15,BOM,CCU,6E,6E2121,2026-10-15 00:35:00+00,2026-10-15 02:55:00+00,Y,Y,14046.00,,,,,f,30,t,{},2026-09-15 07:27:31.858001+00,2026-10-15,ota_ixigo,f,f,
13182,133677,2026-09-15,BOM,CCU,QP,QP2007,2026-10-30 12:15:00+00,2026-10-30 14:55:00+00,Y,Y,8700.00,,,,,f,45,t,{},2026-09-15 07:27:31.858001+00,2026-10-30,ota_ixigo,f,f,
13183,134050,2026-09-15,BOM,HYD,6E,6E6187,2026-09-21 19:00:00+00,2026-09-21 20:40:00+00,Y,Y,6010.00,,,,,f,7,t,{},2026-09-15 07:27:31.858001+00,2026-09-21,ota_ixigo,f,f,
13184,134262,2026-09-15,BOM,HYD,6E,6E6187,2026-09-29 19:00:00+00,2026-09-29 20:40:00+00,Y,Y,6010.00,,,,,f,15,t,{},2026-09-15 07:27:31.858001+00,2026-09-29,ota_ixigo,f,f,
13185,134451,2026-09-15,BOM,HYD,6E,6E5179,2026-10-14 21:15:00+00,2026-10-14 22:50:00+00,Y,Y,6325.00,,,,,f,30,t,{},2026-09-15 07:27:31.858001+00,2026-10-14,ota_ixigo,f,f,
13186,134629,2026-09-15,BOM,HYD,6E,6E6195,2026-10-30 17:40:00+00,2026-10-30 19:10:00+00,Y,Y,6010.00,,,,,f,45,t,{},2026-09-15 07:27:31.858001+00,2026-10-30,ota_ixigo,f,f,
13187,134856,2026-09-15,CCU,BLR,6E,6E6314,2026-09-16 15:05:00+00,2026-09-16 17:50:00+00,Y,Y,8694.00,,,,,f,1,t,{},2026-09-15 07:27:31.858001+00,2026-09-16,ota_ixigo,f,f,
13188,134991,2026-09-15,CCU,BLR,IX,IX1371,2026-09-22 13:20:00+00,2026-09-22 16:00:00+00,Y,Y,8273.00,,,,,f,7,t,{},2026-09-15 07:27:31.858001+00,2026-09-22,ota_ixigo,f,f,
13189,135115,2026-09-15,CCU,BLR,IX,IX1496,2026-09-30 05:45:00+00,2026-09-30 08:25:00+00,Y,Y,7569.00,,,,,f,15,t,{},2026-09-15 07:27:31.858001+00,2026-09-30,ota_ixigo,f,f,
13190,135236,2026-09-15,CCU,BLR,6E,6E6702,2026-10-15 02:00:00+00,2026-10-15 04:50:00+00,Y,Y,8694.00,,,,,f,30,t,{},2026-09-15 07:27:31.858001+00,2026-10-15,ota_ixigo,f,f,
13191,135398,2026-09-15,CCU,BLR,6E,6E6438,2026-10-29 23:30:00+00,2026-10-30 02:10:00+00,Y,Y,10059.00,,,,,f,45,t,{},2026-09-15 07:27:31.858001+00,2026-10-29,ota_ixigo,f,f,
13192,135562,2026-09-15,DEL,BLR,IX,IX5975,2026-09-16 15:30:00+00,2026-09-16 18:25:00+00,Y,Y,8828.00,,,,,f,1,t,{},2026-09-15 07:27:31.858001+00,2026-09-16,ota_ixigo,f,f,
13193,135799,2026-09-15,DEL,BLR,IX,IX1070,2026-09-22 12:50:00+00,2026-09-22 15:45:00+00,Y,Y,8828.00,,,,,f,7,t,{},2026-09-15 07:27:31.858001+00,2026-09-22,ota_ixigo,f,f,
13194,136024,2026-09-15,DEL,BLR,6E,6E176,2026-09-30 07:45:00+00,2026-09-30 10:40:00+00,Y,Y,8829.00,,,,,f,15,t,{},2026-09-15 07:27:31.858001+00,2026-09-30,ota_ixigo,f,f,
13195,136246,2026-09-15,DEL,BLR,QP,QP1824,2026-10-15 15:20:00+00,2026-10-15 18:20:00+00,Y,Y,9158.00,,,,,f,30,t,{},2026-09-15 07:27:31.858001+00,2026-10-15,ota_ixigo,f,f,
13196,136467,2026-09-15,DEL,BLR,SG,SG614,2026-10-30 01:00:00+00,2026-10-30 03:55:00+00,Y,Y,8932.00,,,,,f,45,t,{},2026-09-15 07:27:31.858001+00,2026-10-30,ota_ixigo,f,f,
13197,136684,2026-09-15,DEL,BOM,SG,SG9091,2026-09-16 00:00:00+00,2026-09-16 02:20:00+00,Y,Y,6363.00,,,,,f,1,t,{},2026-09-15 07:27:31.858001+00,2026-09-16,ota_ixigo,f,f,
13198,136850,2026-09-15,DEL,BOM,IX,IX1235,2026-09-22 17:55:00+00,2026-09-22 20:20:00+00,Y,Y,6529.00,,,,,f,7,t,{},2026-09-15 07:27:31.858001+00,2026-09-22,ota_ixigo,f,f,
13199,137037,2026-09-15,DEL,BOM,QP,QP2074,2026-09-30 03:50:00+00,2026-09-30 06:05:00+00,Y,Y,6500.00,,,,,f,15,t,{},2026-09-15 07:27:31.858001+00,2026-09-30,ota_ixigo,f,f,
13200,137232,2026-09-15,DEL,BOM,SG,SG802,2026-10-15 17:00:00+00,2026-10-15 19:20:00+00,Y,Y,6158.00,,,,,f,30,t,{},2026-09-15 07:27:31.858001+00,2026-10-15,ota_ixigo,f,f,
13201,137430,2026-09-15,DEL,BOM,SG,SG612,2026-10-30 13:30:00+00,2026-10-30 15:40:00+00,Y,Y,6158.00,,,,,f,45,t,{},2026-09-15 07:27:31.858001+00,2026-10-30,ota_ixigo,f,f,
13202,137621,2026-09-15,DEL,CCU,QP,QP1803,2026-09-16 11:35:00+00,2026-09-16 13:55:00+00,Y,Y,8056.00,,,,,f,1,t,{},2026-09-15 07:27:31.858001+00,2026-09-16,ota_ixigo,f,f,
13203,137749,2026-09-15,DEL,CCU,6E,6E5191,2026-09-21 23:30:00+00,2026-09-22 01:45:00+00,Y,Y,8922.00,,,,,f,7,t,{},2026-09-15 07:27:31.858001+00,2026-09-21,ota_ixigo,f,f,
13204,137890,2026-09-15,DEL,CCU,QP,QP1801,2026-09-30 00:25:00+00,2026-09-30 02:45:00+00,Y,Y,8056.00,,,,,f,15,t,{},2026-09-15 07:27:31.858001+00,2026-09-30,ota_ixigo,f,f,
13205,138025,2026-09-15,DEL,CCU,QP,QP1569,2026-10-15 05:00:00+00,2026-10-15 07:20:00+00,Y,Y,8619.00,,,,,f,30,t,{},2026-09-15 07:27:31.858001+00,2026-10-15,ota_ixigo,f,f,
13206,138167,2026-09-15,DEL,CCU,QP,QP1268,2026-10-30 09:50:00+00,2026-10-30 12:15:00+00,Y,Y,8619.00,,,,,f,45,t,{},2026-09-15 07:27:31.858001+00,2026-10-30,ota_ixigo,f,f,
13207,138308,2026-09-15,DEL,HYD,QP,QP1409,2026-09-16 15:10:00+00,2026-09-16 17:40:00+00,Y,Y,8385.00,,,,,f,1,t,{},2026-09-15 07:27:31.858001+00,2026-09-16,ota_ixigo,f,f,
13208,138460,2026-09-15,DEL,HYD,QP,QP1406,2026-09-22 08:40:00+00,2026-09-22 11:00:00+00,Y,Y,8385.00,,,,,f,7,t,{},2026-09-15 07:27:31.858001+00,2026-09-22,ota_ixigo,f,f,
13209,138626,2026-09-15,DEL,HYD,QP,QP1409,2026-09-30 15:10:00+00,2026-09-30 17:40:00+00,Y,Y,8237.00,,,,,f,15,t,{},2026-09-15 07:27:31.858001+00,2026-09-30,ota_ixigo,f,f,
13210,138806,2026-09-15,DEL,HYD,6E,6E884,2026-10-15 06:15:00+00,2026-10-15 08:30:00+00,Y,Y,8933.00,,,,,f,30,t,{},2026-09-15 07:27:31.858001+00,2026-10-15,ota_ixigo,f,f,
13211,138984,2026-09-15,DEL,HYD,6E,6E2591,2026-10-30 09:05:00+00,2026-10-30 11:15:00+00,Y,Y,9270.00,,,,,f,45,t,{},2026-09-15 07:27:31.858001+00,2026-10-30,ota_ixigo,f,f,
13212,139162,2026-09-15,MAA,DEL,6E,6E951,2026-09-16 16:20:00+00,2026-09-16 19:05:00+00,Y,Y,10150.00,,,,,f,1,t,{},2026-09-15 07:27:31.858001+00,2026-09-16,ota_ixigo,f,f,
13213,139361,2026-09-15,MAA,DEL,6E,6E613,2026-09-22 13:30:00+00,2026-09-22 16:25:00+00,Y,Y,10150.00,,,,,f,7,t,{},2026-09-15 07:27:31.858001+00,2026-09-22,ota_ixigo,f,f,
13214,139505,2026-09-15,MAA,DEL,6E,6E6002,2026-09-30 05:40:00+00,2026-09-30 08:25:00+00,Y,Y,10150.00,,,,,f,15,t,{},2026-09-15 07:27:31.858001+00,2026-09-30,ota_ixigo,f,f,
13215,139683,2026-09-15,MAA,DEL,6E,6E951,2026-10-15 16:20:00+00,2026-10-15 19:05:00+00,Y,Y,10150.00,,,,,f,30,t,{},2026-09-15 07:27:31.858001+00,2026-10-15,ota_ixigo,f,f,
13216,139896,2026-09-15,MAA,DEL,6E,6E953,2026-10-29 21:15:00+00,2026-10-30 00:10:00+00,Y,Y,10150.00,,,,,f,45,t,{},2026-09-15 07:27:31.858001+00,2026-10-29,ota_ixigo,f,f,
